,PH-KP9072-1,PH-KP9095-1,PHKP9283_B1,PH-KP5431,PH-KP7102,PH-KP9052-A1,PH-KP9064-1,PH-KP9260-A1,PHKP9275_B1,PH-KP9438_A1,PHKP9450-B1,PHKP-9529-1,PH-KP9850-B1,PH-KP9887-1,PH-KP5066,PH-KP5406,PH-KP5619,PH-KP6047,PH-KP7654,PH-KP7760,PH-KP8924-A1,PHKP9088-A,PH-KP9091-1,PH-KP9202-B1,PH-KP9202_A1,PHKP9242_A1,PHKP9242_B1,PH-KP9247-C1,PH-KP9353-A1,PH-KP9438-B1,PHKP9450-A1,PHKP9467-1,PHKP9471-A1,PH-KP9566-1,PHKP9582-1,PHKP9593-1,PH-KP9595-A1,PHKP9773_B1,PHKP9773_C1,PHKP9828_A1,PHKP9850_C1,PH-KP6031,PH-KP7338,PHKP8949_A1,PH-KP8949-A,PH-KP9074-1,PH-KP9083-A,PH-KP9115-1,PH-KP9233-A1,PHKP9242_C1,PH-KP9332_A1,PH-KP9349_A1,PHKP9434_B1,PH-KP9433_A1,PHKP9429_C1,PHKP9495-AB1,PHKP-9534-A1,PHKP9716_A1,PH-KP9716-A,PHKP9773_A1,PHKP9778_C1,PHKP9816-A1,PH-KP9856-A1,PHKP9947-AB1,PHKP9947-B1,PH-KP6017,PHKP4049,PHKP9947-AS1,PHKP9261-A1,PHKP9429_B1,PH-KP8870-A1,PH-KP5087,PH-KP7569,PH-KP5130-A,PH-KP7333,PH-KP9384_B1,PH-KP8539,PH-KP5996,PH-KP7693,PH-KP5287,PH-KP7639,PH-KP9269-A1,PH-KP7673,PH-KP5295,PH-KP6049,PH-KP7678,PHKP-9504-AB1,PH-KP9310-A1,PH-KP9140-1,PH-KP5493-A,PH-KP8565,PH-KP6208,PH-KP8632,PHKP9822_B1,PHKP9310_B1,PHKP9748-A1,PH-KP5556,PH-KP7138,PHKP9025-A1,PH-KP9841-A1,PHKP9346_A1,PH-KP6221,PH-KP8864-A1,PH-KP7148,PHKP9060-1,PH-KP4829,PH-KP9628-A1,PH-KP6604,PH-KP8956-AB1,PH-KP9298-A1,PH-KP4956-A,PH-KP9628-B1,PH-KP7524,PH-KP9385-A1,PH-KP7168,PHKP9298-B1,PH-KP5048,PH-KP7526,PH-KP4547,PH-KP7215-A,PH-KP9380-A1,PH-KP5137,PHKP9721-A,PH-KP7530,PH-KP5119,PH-KP7215-B,PH-KP9384_A1,PH-KP7159-A,PH-KP5150
4023,0,0,5.439972473,0,0,5.292632632,0,4.58434608,0,0,6.321067919,0,0,0,0,0,0,0,0,0,0,0,0,0,0,0,0,6.917898314,0,0,6.849549626,0,0,1.138045931,0,0,0,0,0,0,0,0,0,0,0,0,0,0,0,0,0,0,0,0,0,0,0,0,0,0,0,0,0,0,0,0,5.861344374,0,0,0,0,1.163762442,0,0,0,0,0,0,0,0.353741816,0,0,0,0,0,0,0,0,0,0,5.662161199,0,0,0,0,0,0,0,0,0,0,0,0,0,0,0,0,1.567137335,0,0,0,0,0,0,0,0,0,0,0,0,0,0,0,0,0,0,0,0,0
4049,0,0,5.004761142,0,0,6.167484665,0,4.61260421,0,0,6.550689618,0,0,0,0,0,0,0,0,0,0,0,0,0,0,0,0,6.617353446,0,0,6.550857636,0,0,0,0,0,0,0,0,0,0,0,0.726145963,0.718072932,0,0,0,0,0,0,0,0,0,0,0,0,0,0,0,0,0,0,0,0,0,0,5.613762661,0,0,0,0,0,0,0,0,0,0,0,0,0,0,0,0,0,0,0,0,0,0,1.985738508,5.360808415,0,0,0,0,0,0,0,0,0,0,0,0,0,0,0,0,0,0,0,0,0,0,0,0,0,0,0,0,0,0,0,0,0,0,0,0,0,0
4547,0.568459286,0.546080238,0,0,4.254323228,0.877806952,0,0.710271858,0,2.052086795,0,0.953720863,0,0.697831216,0,0.722288663,0.898968023,0,0,0,0.913603318,0,0.570259571,0,0,0,0,0,0,3.903410735,0,0.660592137,0.607500371,1.055852049,0.557023664,0,0,0.753574812,0,0,0.691398804,0,0,0.901501991,0.638725203,0,0,0.866155821,0,0,1.083359923,0.821481362,0,0.784902666,0,0.789874776,1.318342272,0,0.594490304,0,0,0,0,0,0.568912346,0,0,0,0,0,0.453571019,0,0,0,0,0,0,0,0,0,0,0,0,0,0,0,0,0,0,2.380931459,0,0,0,0,0,0,0,0,0,0,0,0,0,0,0,0,0.973855254,0,0,0,0,0,0,3.410065059,0,0,1.053346763,0,5.967019555,0,0,0,0,0,0,0,0,0,0
4829,0,0,0,0,0,0,0,0,0.578272121,0,0,0,0,0,0,0,1.047108931,0.600779956,0.561772058,0,0,0,0,0,0.450788934,0,0,0,0,0,0.751781509,0,0.84856266,0,0,1.124629212,0,0.931145076,1.038831128,0,0.743782587,0,0.615578142,0,0.857833354,1.122870979,0,0,0,0.632899921,0,0,0,0.809287667,0.638752407,0.563778261,0.767552957,0,0.420256167,0,0,0.895071691,0,0,0,0.480707555,0.388273006,0,0,0.670787808,1.018542356,0,0,0,0,0,0,0,0,0,0,0,0,0,0,2.410046662,0,0,0,0,0.965613444,0,0,0,0,0,0.949050364,0,0,0,0.772242291,0,0,0,0,4.750297121,0,0,0,0,0,0,0,0,0,0,0,0,0,0,0,0,0,0,0,0,0,0,0
4956,0,0,0,0,0,0,1.957841438,0,0.915340907,0,0,0,0,0,0,0,1.017796226,0.947320273,0,0,0.808474994,0,0,0,0,0,0,0,0,0,0,0,0,0,0,0,0,0.599610496,0,0,0,0,0,1.226830088,0,5.596230405,0,0,0,0,0.946986934,0,0,1.042489022,0,0,0,0,0,0,0,0,0,0,0,0,0,0,0,0.621164607,0,0,0,0,4.187253682,0,0,0,0,0,3.826731816,0,0,0,0,0,0,0,0,3.978053546,0,0,0,0,2.693383352,0,0,0,0,0,0.844021833,0,0,0,0,0,0,3.584400427,0,0.669379517,6.936534285,0,1.521284836,0,0,0.750286496,0,3.79082939,0,0,0,0,0,3.991211578,0,0,0,0,0
5048,0,2.247451833,0,0,0,0,0,0,0,0,0,1.121406491,0,0,0,0,0,0,0,0,0,0,0,5.329776905,3.546221276,0,0,0,0,0,0,0,0,0,2.508644955,2.763959273,0,0,0,0,0,0,0,0,0,0,2.276082516,0,0,0,0,0,0,0,0,0,0,0,0,0,0,0.756985565,3.849119599,0,0,0,0,0,0,0,0,0,0,0,0,0,0,0.557454353,0,0,0,0,0,0,0,0,0,0,1.519628192,3.297416259,0,0,0.56613463,1.324901523,0,0,0,0,0,2.27918461,0.874054104,0,3.687528001,0,0,0,0,2.422065916,0,2.779181027,0,0.582580211,0,0,0,2.617752898,4.234822203,0,0,0,0,0,0,0,0,0,0,0,0
5066,0,0,0,0,0,0,0,0,6.907097307,0,0,0,0,3.956673875,6.659197384,6.858401845,0,0,0,6.408874905,0,0,0,0,0,0,0,0,0,0,0,2.409963354,3.076292272,0,0,0,6.607938971,0,0,0,0,0,0,0,0,0,5.621141268,0,0,0,0,0,0,0,0,5.324188617,7.128485017,0,0,0,0,0,0,0,0,0,0,0,0,0,0,0,0,0,0,0,0,0,6.320389471,4.514330182,0,0,0,0,0,0,0,0,0,3.753711333,0,0,0,0.464237325,0,0,0,0,0,0,0,0,0,0,0,0,1.188082754,0,0,0,0,1.245359861,0,0,0,1.306153934,0,0,0,3.428889923,3.431321823,0,0,0,0,3.640628212,0,0,0
5087,0,0,0,0,0,0,0,0,0,0,0,0,0,0,0,0,0.630909582,0,0,0,0,1.129529171,0,0,0,0,0,0,0,1.008326097,0.650710815,0.943741683,0.976553808,0.845083026,0.777256906,0,0,0,0,0.811755274,0,0,0,0.942221495,0,0.791416614,0,0.721810113,0,0,0,0,0.736139838,0.932556718,0.848788902,0.829106476,0,0,0.774607665,0,0.667563061,0.986346829,0.89252861,-0.170989026,0.648547974,0,-0.062020163,0,0.792458223,0.876151287,0.923431243,3.432357878,0,0.198056176,0,0,0,0,0,0,1.03579067,0,0,0,0,0,0,0.792244731,0,0.136077805,0.637613199,0,0,0,0,0,0,0,1.030210072,1.280613689,0,0,0,0,0,0,0,0.945504444,0,0.956941827,0.714360151,0,0.824738918,0,0,0,0,0,0,0,0,0,0,0,0,0,0,0,0
5119,0.532540538,0.555946776,0,0.966910699,0.74266963,0,0,0,0,0,0,0,0,0,0,0.964357679,0,0,0,0,0,0,0,0.997256522,1.172550268,0.606746368,0,0,0.542106929,0,0.668093144,0.855258596,0.892053334,0,0.506759512,1.045193162,0,0,0,0,0,0,0.491565666,0,0,0,0,1.12798842,0.753732486,0.908073955,0,0,0,1.081651875,0,0,0,0,0,0,0,0.639861996,0.605113725,0,0,0,0,0.697450443,0.577175852,0.624496995,0.616361116,0.964500429,0,0,0,0,0,0,0,0,0,0,0,0.768577127,0,0.823150119,1.157029854,0,0,0,0,0,0,0,0,0,0,0,0,0,0,0,0,0,0,0,0,1.123612632,0,0,0,0.845636882,0,0,0,0.494389641,0.784735111,0,0,0.9530235,0,0.842277101,0,1.017478538,3.972306353,0,0.858781321,0.650008388,0
5130,0.967011591,0,0,0,0,0,0,0,0,3.028493219,0,0,0,0,0,0,0,1.08925038,1.225581689,0,0,0,0,0,0,0,0,0,0,0,0.669341288,0,0.468840758,0,1.214950808,0,0,0,0,0,0,0.79354935,0,0,0.731989795,1.020648929,0,0.84510411,0,0.674592451,0,0,0,0,0,0,0,0.818971897,0.839954455,0,0,1.227761984,1.877442269,0,0,0,0,0.972417132,0,0.758617743,0.788192311,0,0,1.591610237,0,0,0,0,0,0,0,0,0,0,0,0,0,0,0,0,0,0,0,1.65393975,0,0,0,0,0,0,0,0,0,0,0,0,0,1.81223683,0,0,0,0,0,4.343313996,0,0,0,0,0,0,0,0,0,0,0,0,0,0,0
5137,0,0,0,0,3.733490663,0,0,0,0.930190723,3.921401253,0,0,0,0,0,0,6.518713611,0,0,0,0,0,0,0,0,0,0,0,0,3.588013415,0,0,0,1.084586457,1.144448281,0.704260272,0,0,0,0,1.202559367,0,2.137847317,0,0,0,0.773210918,0.629152111,0.873988469,0,4.410101868,0,0,0,0,0,0,2.437845045,4.607937249,0.869999445,0.766584463,0,0,0,0,0,0,0,3.196779533,1.227908661,0,0,0,2.117955267,0,0,0,0,0,0,0,0,0,2.130180392,0,0,0,0,0,0,0,0,0,0,0,0,0,0,0,0,0,0,0,0,0,0,0,0,0,0,0,0,0,1.844118464,0,0,0,0,0,0,0,6.125315687,0,0,0,0,0,0,0
5150,0,0,0,0,0,0,0,0,0,0,0,0,6.589288043,0,0,0,0,0,0,0,0,0,0,0,0,0,0,0,0,0,0,0,0,0,0,0,0,0,0,0,6.885258664,0,0,0,0,0,0,0,0,0,0,0,0,0,6.572160525,0,0,0,0,0,0,3.338694683,0.965818336,2.492462308,0,0,0,3.373306208,0,6.263641292,0,0,1.735426773,0,0,0,0,0,0,0,0,0,0,0.779255975,0,0,0,0,0,0,0,0,0,1.851020557,0,0,0,0,0,0,0,0,0,6.403439541,0,0,0,0,0,0,0,0,0,0,0,0,0,0,0,0,0,0,0,0,0,0,0,0,6.369199468
5287,0,0,0,0,0,0,0,0,0,0,0,0,0,0,0,0,0,0,0,0,0,0,0,0,0,0,0,0,0,0,0,0,0,0,0,0,0,0,0,6.028207006,0,0,0,0,0,0,0,0,0,0,0,0,0,0,0,0,0,0,0,0,0,2.911395817,1.624448022,0,0,0,0,0,0,1.016292398,0,0,0.791463784,0,0,0,0,0,0,4.701694702,0,0,0,0.58259837,0,0,0,0,0,0,0.617930949,0,0,0,1.036264731,0.491715258,0,0,0,0,0,0,0.941024324,0,0,0,0.745645384,1.601076647,0,0,0.629710674,0.674685338,0,0,0,0,0,0,0,1.024172774,0,0,0,0,0,0,0,0,0
5295,0,0,0,0,3.593997479,0,0,0,0,2.241333236,0,0,0,0,0,0,6.791439635,0,0,0,0,0,0,0,0,0,0,0,0,2.878919552,0,0,0,0,0,0,1.203143638,0,0,1.21756496,0,0,2.309936916,0,0,0,0,7.131726508,0,0,1.657215326,0,0,0,0,0,0,2.362322251,2.260195275,0,0,0,0,0,0,0,0,0,5.02384197,0,0,,,,,,,,,,,,,,,,,,,,,,,,,,,,,,,,,,,,,,,,,,,,,,,,,,,,,,,,,,
5431,0,0,0,5.585182252,0,0,0,0,0,0,0,0,0,0,0,0,0,0,0,0,0,0,0,0,0,0,0,0,5.515329646,0,1.090542408,0,0,0,0,0,0,0,0,0,0,0,0,0,0,0,0,0,0,0,0,0,0,0,0,0,0,0,0,0,0,1.131204914,0,0,0,0,0,0,0,0,0,0,0,0,0,0,0,0,0,0,0,0,0,0,0,0,0,0,0,0,0,4.977591588,0,0,0,0,0,0,0,0,0,0,0,0,0,0,0,0,0,0,0,0,0,0,0,0,0,0,0,0,0,0,0,0,0,0,0,0,0
5493,0,0,0.879419651,0,0,1.212956282,0,0.779967172,0,0,2.213463348,0,0,0,0,0.805668611,0,0.677188556,0,0.811600972,0,0,0.550428334,0,0,0.533623913,0,2.011865408,0,0,2.299917358,0,0,0,0,0,0,0.742011798,0.374071254,1.156410151,0,0,0,0.540364978,0,1.189716777,0,0,0,0,0.681929486,0,0.774094366,0,0,0,0,0.972366419,0,0,0,0.912786725,0.824268546,0,0,0.822400608,3.768356558,0.876525809,0,0.489801342,0,3.005853394,0,0,0,0,0,0,0,0,0,0,0,0,0,0,0,0,0,4.531978049,7.085353428,0,0,1.303216524,0,0,0,0,0,1.113927058,0,0,0,0,0,0,0,1.698571469,0,0,0,0,0,0,0,0,0,0,0,0,0,0,0,0,0,0,0,0,0
5556,0,0,0,0,0,0,0,0,0,0,0,0,0,0,0,0,0,0,0,7.437245374,0,0,0,0,0,0,0,0,0,0,0,0,0,0,0,0,0,0,0,0,0,0,8.154285784,0,0,0,0,0,0,0,0,0,0,0,0,0,0,0,0,0,0,2.207839646,0,0,0,0,0,0,0,0,0,0,5.433945919,0,0,0,0,0,0,0,0,0,0,0,0,0,0,0,0,0,0,0,0,0,0,0,6.666530317,0,0,0,0,0,0,0,0,0,0,0,0,0,0,0,0,0,8.145856819,0,0,2.711931237,0,7.206259623,0,0,1.038985085,7.104320212,4.099646711,0,0,0,0
5619,0,0,0,0,2.550881466,0,0,0,0,1.556058511,0,0,0,0,0,0,6.583858668,0,0,0,0,0,0,0,0,0,0,0,0,1.052905657,0,0,0,0,0,0,0,0,0,0,0,0,5.527699292,0,0,0,0,7.180427688,0,0,5.615924371,0,0,0,0,0,0,5.227035112,6.120191062,0,0,0,0,0,0,0,0,0,3.063905794,0,0,0.744780858,0,1.667476246,0,0,0,0,0,0,0,0,0,2.080239579,0,0,0,0,0,0,0,0,0,0,0,0,0,0,0,0,0,0,0,0,0,0,1.045433907,0,0,0,0,0,0,1.344663209,0,0.505280138,0,0,0,0,0,5.499295749,0,0,0,0,0,0,0
5996,5.853918937,5.132821683,0,0,0,0,0,0,1.147551164,1.316736704,0,5.390723305,0,0,0,0,0,6.172608534,0,0,6.023127071,0,0,0,0,6.085668792,6.60254647,0,0,0,0,5.592679881,0,7.370020071,1.942837989,2.07708187,1.226346015,0,0,0.779024272,0,6.221501571,0,0,0,0,0,0,5.88650184,6.511823168,0.99794499,0,5.013700661,6.161313229,0,0,0,0,0,0,0,0,0,0,0,0,0,0,0,0,3.223064152,0,5.628153818,0,4.507250142,4.085060072,0,4.609990325,1.24455965,0,3.143837744,4.196542873,0,0.691398807,5.383704663,4.654224824,0,0,0.736859115,2.180336241,0,0,0,0,0,0,0,0,0,0,0,0,5.369542505,0,1.046264794,0,0,1.506856326,0,0,0,0,2.150092363,0,0,1.057339455,0,4.000830416,0.855178043,0,0,0,0,3.952101572,0,0,3.94060182,1.189310016,0
6017,0,0,0,0,0,0,0,0,0,0,0,0,0,0,0,0,0,0,0,0,0,0,0,0,0,0,0,0,0,0,0,0,0,0,0,0,0,0,0,0,0,0,0,0,0,0,0,0,0.875989053,0,0,0,0,0,0,0,0,0,0,0,0,0,0,0,0,5.880336374,0,0,0,0,0,0.464212234,0.662518262,0,0,0,0.639350321,1.18264647,0,0,0.413932155,0,0,0,0,1.151698996,0.994026091,0.742293246,0.631325563,0,0,0.468322509,0,0.824988692,0.891560891,0.865305061,0.38360161,0.669330103,0.48815564,0,0.932836796,0.68217857,0.652518451,1.016866838,0.839943953,0,0.475469878,0,0,0,1.00417731,0.507710227,0,0.785446665,0,0,0,0,0,0,0,0.928899781,0.907962251,0,0,0,0,0.868829985,0
6031,2.167832576,5.624963997,0,0,0,0,0,0,0,0,0,5.051285343,0,1.028483434,0,0,0,5.043204334,0,0,4.471581986,0,0,0,0,5.236937296,4.508025566,0,0,0,0,4.260096073,0,5.328325766,1.798096203,1.810505556,0,0,0,0,0,5.421317121,0,0,0,0,0,0,4.388894671,5.264147081,0,0,0.873027276,4.667973343,0,0,0,0,0,0,0,0,0,0,0,0,0,0,0,0,2.37941716,0,5.561486596,0,4.608226957,2.736280158,0,4.751093446,0,0.338157644,3.880421533,4.0432377,0,0.799155214,4.575838554,3.887791166,0,0,0,0.190436693,0,0,0,0,0,0,0,0,0,0,0,0,4.528186425,0,0,0,0,0,0,0.615831424,0,0,2.205826949,0,0,0,0,3.88313692,0,0,0,0,0,4.013755867,0,0,3.144106261,0,0
6047,6.090197188,5.633491971,0,0,0,0,0,0,0,0,0,3.765686136,0,0,0,0,0,4.299742436,0,0,4.103192659,0,0,1.250571863,0,4.996353805,5.424856724,0,0,0,0,4.821833995,0,6.040754773,1.793958994,1.917278884,0,0,0,0,0,5.167112438,0,0,0,0,0,0,5.207384008,5.187802871,0,0,4.224803835,5.285914107,0,0,0,0,0,0,0,0,0,0,0,0,0.870466949,0,0,0,2.606289699,0,4.554785763,0,3.895980117,3.361665636,0,3.831739308,0,0.245135346,3.185983993,4.192453327,0,0,4.617372176,4.467701355,0,0,0,0,0,0,0,0,0,0.779495421,0,0,0,0,0,0,4.282219911,0,0,0,0,1.08548325,0,0,0,0,1.504860232,0,0,0.710917013,0,3.276680435,0,0,0,0,0,3.701907661,0,0,3.353456963,1.098201376,0
6049,5.712010707,5.194204591,0,0,0,0,0,0,0,0,0,5.372357806,0,1.572186681,0,0,0,6.333653572,0,0,5.743638165,0,0,0,0,5.997602456,6.423461948,0,0,0,0,5.533222508,0,7.046826744,1.507804594,1.691333025,0,0,0,0,0,6.03078482,0,0,0,0,0,0,5.726004467,5.803967746,0,0,4.602179822,5.878468483,0,0,0,0,0,0,0,0,0,0,0,0,0,0,0,0,3.189197932,0,6.302250016,0,5.984213326,4.797244413,0,4.192028172,0,0,3.235538962,5.509072885,0,0,5.996524111,5.114031454,0,0,0,3.110612064,0,0,0,0,0,0,0,0,0,0,0,1.052064857,5.638063381,0,0,0,0,2.197828701,0,0,0,0,0.653687094,0.320678904,0,0,0,3.513243121,0,0,0,0,0,3.523551772,0,0,3.883621309,0,0
6208,0,0,1.179758167,5.506872125,0,0,0,0,0,0,0,0,0,0,0,0,0,0.843843875,0,0,0,0,0,0,0,1.293189133,0,0,5.796015723,1.586972616,1.275026927,0,1.063556399,0.985147254,0,0,0,0.922007719,0,0,0,1.166601493,0,0.741720052,0,0,1.209335574,1.354112152,0,0,0,0,0,0,0,0,1.226288524,0,1.332443761,0,0,1.661103384,1.387119773,0,0,0,0,0,0,0,0,0,0,0,0,0,0,0,0,0,0,0,0,0,0,0,0,0,0,0,0,6.210049969,0,0,0,0,0,0,0,0,0,0,0,0,0,0,0,0,0,0,0,0,0,0,0,0,0,0,0,0,0,0,0,0,0,0,0,0,0
6221,0,0,0,0,0,0,0,0,0,0,0,0.530498571,1.026914285,0,0,0,0.578861182,0,0,0,0,0,0,0,0,0,1.066773054,0,0,0,0,0,0.76041651,0.843779823,0,0,0,0,0,0,0,0,0,0,0,0,0,0,0.491156124,0,0.608883854,0,0,0,0,0.986403882,0,0.509524846,0,0,3.838773078,0,0,0,0.735666523,0,0,0,0,0,0,0,0,0,0,0,0,0,0,0,0,0,0,0,0,0,0,0,0,0,0,0,0,0.637236746,0,0,0,0,0.408365405,0,0,4.193504278,0.912661888,0,0,0,0,1.026426853,0,0,0,0,0,0,0,0,0,1.996904207,0,0,0,0,0,0,0,0,0,0,0
6360,0,0,5.848068497,0,0,5.731312701,0,6.047035862,0,0,6.726892685,0,0,0,0,0.94244116,0,0,0,1.200492176,0,0,0,0,0,0,1.092236674,6.508108581,0,0,6.711382776,1.593752523,0,0,0,0,0,0,0,0.991424686,0,0,0,0.941681188,0,0,0,0,0,0,0,0,0,0,0,0,1.554433106,0,0,0,0,0,0,0.20684911,0,0,5.086430966,0,0,0,0,0.97867353,0,0.295438358,0,0,0,0,0,0.272434119,0,0,0,0,0,0,0,0,0,0.469725048,6.103625371,0,0,0.859724962,0,0,0,0,0,0,0,0,0,0,0,0,0,0.812899403,0,0,0,0,0,0,0,0,0,0,0,0,0,0,0,0,0,0,0,0,0
6604,0,0,0,0,1.038266026,0,0.54596209,0.505159646,0.926125214,0.438282622,1.359434975,0.433135855,0.580749161,0,0.551247409,0.92267617,0,0.410680536,0.82190021,0,0.344401987,0,1.177555053,0.653662302,0,0,0.804494701,0,0.920224738,0,0.794123206,0.578278456,0,0.544027153,0.549324261,0,0,0.714427205,1.438992962,0.904972889,0,0.834125156,0,0,0,0,0.536350455,0,0,0,0,0.485758702,0.794739942,0.479286424,1.100611924,0,0,0.577321334,0,0,0.513658538,0.505923711,0.976066537,0,0.509150027,0.817803877,0.386818387,0,0,0.393462724,0,0.950989635,0,0,0,0,0,0,0,0,0,0.540057769,0,0.671240578,0,0,0,0.499804546,0,0,2.452053939,0,1.359286202,2.031455421,0.626001152,0,0.93226466,0,0,0.746906259,0,1.378949896,0,0,0.816710367,0.989208186,0,4.087475968,0,0,0.992373772,0,1.700603599,0,0,0,0,0,0,0,0,0,0.559333916,0,0,0,0,0,0
6690,0,0,5.902395487,0,0,6.076868048,0,6.160243359,0,0,6.561338006,0,0,0,0,0,0,0,0,0,0,0,0,0,0,0,0,7.008667216,0,0,7.107069189,0,0,0,0,0,0,0,0,0,0,0,0,0,0,0,0,0,0.6679732,0,0,0,0,0,0,0,0,0,0,0,0,0.7244364,0,0,0,0,5.857290404,0,0,0,0,0,0,0,0,0,0,0,0,0,0,0,0,0,0,0,0,0,0,2.619010573,5.934336507,0,0,1.239083359,0,0,0.922305296,0,0,0,0,0,0,0,0,0,0,0,0,0,0,0,0,0,0,0,0,0,0,0,0,0,0,0,0,0,0,0,0
7102,0.407603392,0,0,0,3.030044983,0,0,0,0,0,0,0,0,0,0,0,0,0,0,0,0,0,0,0,0,0,0,0,0,0,0,0.520091717,0,0,0.929497062,0.741658062,0,0,0,0,0,0,0,0,0,0,0,0.405015346,0.837976025,0,0,0,0,0,0,0,0,0.72174029,0.748587708,0,0,1.196989102,1.255595545,0.812235463,0.678569774,0,0,0,0,0,0,0,0,0,0,0,0,0,0.944572565,0,0,0,0,0,1.115816524,0,0,0,0,0,0,0,0,0.861558912,0,0,0.666993833,0,0,0.920091651,0,0,0,0,0,0,0,0.60093841,0.739829501,1.081563675,0,0,0,0,0,0,0,0,0,0,0,0,0,0,0,0,0.861563674,0.35800293,0.644088658
7138,0,0,0,0,0,0,0,0,0,0,0,0,0,0,0,0,0,0,0,0,0,0,0,7.25140627,6.79760199,0,0,0,0,0,0,0,0,0,0,0,0,0,0,0,0,0,0,0,0,0,0,0,0,0,0,0,0,0,0,0,0,0,0,0,0,0,1.269456884,0,0,0,0,0,0,1.100611924,0,0,0,0,0,0,0,0,0,0.421766554,0,0,0,0,0,3.743737544,0,0,0,0,0,0,0,0,0,0,0,5.091761708,0,0.888306187,0,1.102913673,0.771026174,0,0,0,0,1.473591322,0,0,0.866976779,0,1.124999369,0,0,0.915431565,0,0,0,0,0,0,0,0,1.117732233,0,0,4.033423684,1.221710325
7148,0,0.597696165,0.522192455,0.746374217,0,1.08840166,0,0.55770381,0.892328153,0,0.810698545,0,0,0,0,0.945641407,1.160300263,0.489778883,0.696011844,0.604287058,0,0,0,0.745195674,0,0,0.748951786,0,0,0,0,0,1.221953234,1.180826925,0.959569633,0.768743798,0.472392424,0,0,0,0.692971809,0.579298608,0,1.061544296,0,0.750368369,0,0.557628094,0.660397576,0,0.382868996,0,1.366141631,0.562761375,0,0.63126148,0,0.89857913,0.949779002,0,0,0.860046253,0,0.511431657,0,0,0,0.582449876,0,0,0,0,0,0,0,0,0,0,0,0,0,0,0,0,0,0,0,0,0,0,0,0,0,0,0,0,3.681046554,0,0,0,0,0,0,7.62480803,0,0,0,0,0,0,0,0,0,0,0,0,0,0,0,0,0,0,0,0,0,0,0,0,0
7159,0,0,0,0,0,0,0,0.667898071,0,0,0.936530656,0,0,0.997474808,0,0,0,0,0,0,0,0,0,0,0,0,0,0,0,0,0,0,0,0,0,0,0,0,0,0,0,1.067206272,0,1.094247703,0,0,0,0,0.864437144,0,0,0,1.107390621,0,0,0.986060063,0,0,0,0,0,4.24809864,0.794585425,0,0.576049049,0,1.082365698,0,0,1.023723209,0,0,3.254079858,0,0,0,0,0,0,0,0,0,0,0,0,2.480039986,0,0.581252407,0,3.056907143,0,0,0,0,0,0,0,2.48626041,0,0,0,0,0,0,0,0,0,2.252344575,0,0,0,0,0,0,0,0,0,0,0,0.833804928,0,0,0,0,0,0,0,2.856721412,1.321824194
7168,0,0,0,0,0,0,0,0,0,0,0,0,0,0,0,0,0,1.006175617,2.477381638,6.037638699,0.860242705,0,0,0,0,0,0,0,0,0,0,0,0,0,0,0,0,0,0,0,0,0,5.65109164,0,0,0,0,0,0,0,0,0,0,0,0,0,0,0,0,0,0,2.778024397,0,0,0,0,0,0,0,0,0,0,5.628509408,0,6.013167687,0,0,0,0,0,0,0,0,0,0,5.801419767,0,0,0,0,0,0,0,0,0,0,2.589849994,0,0,1.084109195,0,0,0,0,0,0,0,0,0,1.00745123,0,0,0,0,6.122254473,0,0,5.596692018,0,5.783441521,0,0,1.440289777,5.635114526,2.192014583,0,0,0,0
7215,0,0,0,0,0,0,0,0,6.920677671,0,0,1.480968259,0,4.614434917,4.953823032,4.976946608,0,0,0,5.947950693,0,0,0,0,0,0,0,0,0,0,0,7.38997498,7.996960677,0,0,0,6.751823844,1.254343027,0,0,0,0,0,0,0,0,6.914764236,0,0,0,0,0,0,0,0,7.115343619,6.494916645,0,0,0,0,0,0,0,0,0,0,0,0,0,0,0,0,0,0,0,0,0,7.10101445,6.632426998,0,0,0,0,0,0,0,0,0,5.546830098,0,0,0,0,0,1.58172267,0,0,0,0,0,1.176694964,0,0,0,0,0,0,0,0.816059347,0,0,0,0,0,0,0,0,0,3.293995047,3.465830001,0,0,0,0,3.985589436,0,0,0
7333,5.947112605,5.605380888,0,0,0,0,0,0,0,0,0,7.182386574,0,0,0,1.300863479,0,5.747045249,0,1.257399606,5.435849717,1.128374741,0,0,0.80231242,5.189282939,5.473389943,0,0,1.036637543,0,5.318223739,0,5.893105858,2.722748555,2.87951949,1.201263751,0,0,0,1.287950262,6.242090269,0.927685306,0,0,0,0,0,5.640279493,5.319755953,0,0,5.215504247,5.561083612,0,0,0,0.903719844,0,0,0,0,1.164453529,0,0,0,0,0,0,1.209162388,2.736255669,,,,,,,,,,,,,,,,,,,,,,,,,,,,,,,,,,,,,,,,,,,,,,,,,,,,,,,,,,
7338,0,0,0,0,3.016403044,0,0,0,0,1.855194478,0,0,0,0,0,0,6.66594555,0,0,0,0,0,0,0,0,0,0,0,0,3.122600719,0,0,0,0,0,0,0,0,0,0.474309449,0,0,4.6081115,0,0,0,0,7.772845711,0,0,5.130847534,0,0,0,0,0,0,7.286076342,5.275141718,0,0,0,0,0,0,0,0,0,4.302308696,0,0,0,0,0.556445352,0,0,0,0,0,0,0,0,0,5.646983081,0,0,0,0,0,0,0,0,0,0,0,0,0,0,0,0,0,1.116241037,0,0,0,0,0,0,0,0,0,0,0,1.991571973,0,0,0,0,0,0,0,6.834278209,0,0,0,0,0,0,0
7524,0.688629534,0,0,0,0,0,0.74636694,0.8826531,0.994377787,0.915288578,0,0,0,0,0,0,0.559797099,0.641843615,0,0,0.94031,0.484960715,0,0,0,0,0,0,0.620082633,1.158319862,0.401705868,0,0.50056718,0.582386294,0.440830006,0,1.170729889,0.660364255,0,0.57665978,0,0,0.506142248,1.39221165,0,0.970500219,1.078243081,0.920732969,0.564965774,0,0,0.589369622,0,0.811268247,0.377084134,0,0,0.410597122,0,0.715664239,0,0.577902725,0,0.67627142,0.890146501,0,0.902277958,0,0.512323095,1.097407181,0.698005546,0,0,0,0,0,0,0,0.615649456,0.242983853,0.970047213,0,0,0,0,0,0,1.035713216,0,0.394731827,0,0,3.721128223,0,0,0.880450056,0,1.090944287,0,0,0,1.234936852,0,0,0,0,0.726376172,0,0,0.88787739,0,0,4.205535158,0,0,0,0,0,1.045292075,0,0,0.965048443,0,1.00820875,0.603112796,0.837596426,0,0,0
7526,5.147475834,4.398309054,0,0,1.62039798,0,0,0,0,0,0,5.068305509,0,0,0,0,0,5.836071463,0,0,5.88393994,0,0,0,0,5.64612607,6.062041412,0,0,0,0,5.467769079,0.751454675,6.457105673,1.716762808,1.927176815,0,0,0,0,0,5.479305903,0,0,0,0,0,0,5.77467408,5.729209494,0,0,3.617576822,5.881910832,0,0,0,0,0,0,0,0,0,0,0,0,0,0,0,0,2.615008772,0,5.405672946,0,3.901282185,2.046982974,0,3.869135517,0,0,3.441088645,3.77813795,0,0,4.522231272,4.205053184,0,0,0,0.352748362,0,0,0,0,0,0,0,0,0,0,0,0,3.948651064,0,0,0,0,0.920740428,0,0,0,0,1.55505471,0,0,1.148139844,0,4.402578818,0,0,0,0,0,3.445045115,0,0,3.274734512,0,0
7530,6.726835014,5.439468519,0,0,0,0,0,0,0,0,0,5.420286178,0,0,0,0,0,6.730834415,0,0,6.09274046,0,0,0,0,6.365904609,6.528821111,0,0,0,0,5.642707087,0,7.985816743,2.41356082,2.171933065,0,0,0,0,0,6.23101147,0,0,0,0,0,0,6.219895895,6.468366582,0,0,5.002949567,5.955808103,0,0,0,0,0,0,0,0,0,0,0,0,0,0,0,0,2.938793476,0,5.090505587,0,4.646018945,3.422569982,0,4.383310149,0,0.285364511,2.523050284,3.091080724,0,0,3.978540432,3.789060278,1.21105054,0,0,0.220730005,0,0,1.369418049,1.335642876,0,1.01353108,0,0.945382334,1.150972571,1.404560383,0,1.223078644,5.168306309,0,0,0,0,1.409122334,0,0,0,0,1.312016031,0,0,0,0,5.16971683,0,0,0,0,0,3.435574717,0,0,3.697025762,0,0
7569,4.851151223,5.119289242,0,0,0,0,0,0,0.905880118,0,0,5.266142981,0,0,0,0,0,6.297848124,0,0,5.911185458,0,0,0,0,7.035387468,6.733919246,0,0,0,0,5.235341798,0,6.869024146,0,1.368710671,0,0.93954053,0,0,0,6.029088806,0,0,0,0,0,0,6.211414914,6.897648615,0,0,4.242337236,5.915756608,0,0,0,0,0,0,0,0,0,0,0,0,0,0,0,0,1.140659081,0,5.24251803,0,4.046627204,1.620198358,0,3.878052269,0.701200757,0.439602165,0.725748946,3.595326809,0,0,3.958785558,4.597791701,0,0,0,0.227927162,0,0,0,0,0,0,0,0,0,0,0,0,2.470305947,0,0,0,0,1.287281244,0.678296507,0,0.587544092,0,0,0,0.636120777,0,0,3.577277457,0,0,0,0,0,3.527965565,0,0,2.176473864,0,0
7600,5.089032616,5.155800944,0,0,0,0,0,0,0,0,0,5.101713628,0,0,0,0,0,6.23622297,0,0,5.770826953,0,0,0,0,6.967883173,6.649665155,0,0,0,0,5.158233276,0,7.000338737,0,1.068435148,0,0,0,0,0,6.059761155,1.167020837,0,0,0,0,1.394818965,6.179363253,6.866138619,0,0,3.900013713,5.749111496,0,0,0,0,0,0,1.187502533,0,0,0,0,0,0,0,0,0,0,0,5.140564754,0,3.664289518,4.685953904,0,4.367621288,0,0,1.629358805,4.440235816,0,0,4.855376488,5.542701953,0,0.783951395,0,2.426218021,0,0,0,0,0,0,0,0,0,0.924501062,0,0,4.328020294,0,0,0,0,1.986403544,0,0,0,0,0,0,0,0,0,3.289382183,0,0,0,0,0,3.823607037,0,0,3.633673529,0,0
7639,0,0,0,0,0.38677355,0,0,0,0.999410707,0,0,0,0,0,0,0,0.81859142,0.584608862,0,0.935984816,0,0.470653689,0,0.504145096,0,0,0,0,0,0,0,0.454092718,0.90739908,0,0.414628334,0,0,0.98143064,0,1.04992717,0.49863056,1.09232281,0.636917842,0,0.289214248,0,0,0,0,1.181405324,0.897823147,0,0.682463528,0.468852595,0,0,0,0,1.076216496,1.177555053,0.450963126,0.617339662,0.55527434,0,0,0.36703045,0.543827991,0,0.777158856,0.559600938,0,0,0,0,0,0,0.818286125,0,0,0,5.803591799,0,0,0,0,3.65510855,0,0,0,0,0,0,0,1.275686897,0,0,0,3.514900703,0,0,0,0,0,0,0,0,0,0,0,0,0,0,0,0,0,0,0,0,0,0,0,0,0,0,0,0,0,3.454469164,1.882212591
7654,0,0,0,0,0,0,0,0,0,0,0,0,0,0,0,0,0.666719961,0.783021461,6.142238456,0,0,0.587576529,0,0,0,0,0,0,0,1.22572609,0,1.407304737,0,0,0,0.716524046,0,0.866003589,0,0.662402241,0,0,0,0,0.923107852,1.208213024,0,0,0,1.07393694,0,0,0,0,0.888765239,0,0.889988381,0,0,0,0,3.887142481,1.268943366,0.635725914,0,0,0.610167112,0,0,0,0,0.57562667,1.126241725,0,0,0,0,0,0,0,0,0,0,0,0,0,0,0,0,0,0,0,0.632572069,0,0,0,3.395582301,0.755937971,0,2.658358425,0,0,0,0,0,0,0,1.270329473,0,0,0,0,0,0,2.670022501,0,0,0,0,0.853189454,0,0,1.726777549,0,2.824492058,0,0,0,0
7673,0,0,0.521337804,0.424017553,0.501230934,0.416153957,0.829359489,0,0.92636553,0.472221177,0.956723582,0.68636839,0,0.489331749,0,0,0,0.782748855,0,0.670088485,0,0.470688345,1.033661924,0,0.70750802,0,0.806683754,0,1.174968561,0,0.815483661,0,0.858803083,0,0.834011507,0.603200886,0,0,0,0,0.973898977,0.668207437,0,0,0.77515857,0,0,0.809059476,0,0,0,0.807468471,0,0,0,0.656791173,0.532714132,1.122727273,0,0,0.476111981,1.454381575,0.62787547,0,0.625213444,0,0,0,0.898610184,0.547039226,0.773482692,0.809514993,0,0,0,0,0,0,3.793789797,0,0,0,3.654487756,0,0,0.903064358,0,0,0,0.619912837,0,0,0,0.722713763,0,0.824778641,0,0,0.46546825,0.741284825,0,0,0,0,0,0,0.559810689,0.795280108,0,0,0,0,0,0,0,0,0.542241775,0,0,0,0,0,0,0,0,0,0,0,0
7678,6.481278696,4.721366474,0,0,0,0,0,0,0,0,0,4.662971537,0,0,0,0,0,5.654648499,0,0,5.448057928,0,0,0,0,6.302408259,6.211249235,0,1.199179964,0,0,5.220951336,0,6.38347966,0,0,0,0,0,0,0,5.061528038,0,1.322070274,0,0,0,0,5.414756276,6.058892005,0,0,4.119277485,5.66794087,0,0,0,0,0,0,0,0,0,1.231859682,0,1.258561429,0,0,0,0,0.813606198,0,5.176251704,0,4.180152918,4.561173,0,3.853716867,0,0,0.702076364,4.675344428,0,0,4.748919069,4.848240153,0,0,0,1.809244738,0.814196817,0,0,0,0,0.80101608,0,0,0,0,0,0,4.351171848,0,0,0,0,1.338707928,0,0.653751909,0,0,0,0,0,0,0.835997738,4.113598467,0,0,0,0,0,4.04639494,0,0,3.524365892,0,0
7693,0,0,0,0,0,0,0,0,7.264598386,0,0,2.78763668,0,5.175555715,6.944972421,6.357796868,0,0,0,6.415936385,0,0,0,0,0,0,0,0,0,0,0,6.384734439,6.513879628,0,0,0,7.09886721,0,0,0,1.392283671,0,0,0,0,0,7.182542134,0,0,0,0,0,0,0,0,4.655490304,7.849577495,0,0,0,0,1.476810744,0.888639616,0,0,0,0,0,0,0,0,,,,,,,,,,,,,,,,,,,,,,,,,,,,,,,,,,,,,,,,,,,,,,,,,,,,,,,,,,
7760,0,0,0,0,1.27715782,0,0,0,6.297509067,0,0,0,0,5.420139107,5.866699362,6.543471264,0,0,0,6.00874692,0,0,0,0,0,0,0,0,0,0,0,5.827078129,6.343152817,0,0,0,7.085221502,0,0,0,0,0,0,0,0,0,7.120808387,0.86086395,0,0,0,0,0,0,0,6.958497766,7.120834631,0,0,0,0,0,0,0,0,0,0,0,0,0,0,0,0,0,0,0,0,0,5.611435633,1.299139382,0,0,0,0,0,0,0,0,0,1.818233125,0,0,0,0,0,0,0,0,0,0,0,0,0,0,0,0,0,0.886599571,0,0,0,0,0,0,0.607574799,0,0,0,0,3.849315576,4.177559887,0,0,0,0,3.748984184,0,0,0
8372,0,0,5.322065557,0,0,5.082131659,0,6.52236187,0,5.277821317,4.894120205,0,0,0,0,0,0,0,0,0,0,0,0,0,0,1.124704595,0,5.742674388,0,0,5.988698449,0,0,0,0,0,0,0,0,0,0,0,0,0,0,0,0,0,0,0,0,0,0,0,0,0,0.849301252,0,0,0,0,0,0,0,0,0,4.432554305,0,0,0,0,1.47917311,0,0,0,0,0,0,0,0,0,0,0,0,0,0,0,0.986072017,0,0,6.239436006,0,0,1.54651711,0,0,0,0,0,0,0,0,0,0,1.069086134,0,0,1.005851527,0,0,0,0,0,0,0,0,0,0,0,0,0,0,0,0,0,0,0,0,0
8539,1.207827405,0,0,0,0.324608936,0,0,0.74950128,0.986606225,0,0.829575702,0.824864282,0,0,0,1.04513845,1.081410266,0.890987314,0.46147698,0.880252257,0.682240119,0.516047316,0,0,0,0,0.746752627,1.237305449,0,0,0,1.417249773,1.15203083,0.946964391,0,0,0.824173934,0.954550483,0.867807959,0.710056171,0.665268656,0,0,0,0,0,0,0,0,0,0.745918203,0,0,0,0,1.1714954,0.499006517,0,0.409662265,0.555874846,0,0.660297008,0.788863575,0,0,0,1.14001881,0.674126932,1.123036982,0.50337387,1.192805436,0,0,0,0.694912154,0,6.236797476,0,0,0.936114835,4.979208427,0,0.767925568,0,0,0,0,0,0,1.993804695,0,0,0,1.00334763,0,0,0,1.161084649,0,0,0.863405328,0.828059591,0,0,0,0,0,3.324755328,0,0,0,0,0,0,0,0,0,0,0,1.065820996,1.272536265,0.954598545,0,0,0,0,0,0.703475263,0
8557,0,0,5.760905215,0,0,4.769768197,0,5.698829213,0,0,5.367825494,0,0,0,0,0,0,0,0,0,0,0,0,0,0,0,0,5.780379034,0,0,5.619474361,0,0,0,0,0,1.766798114,0,0,0,0,0,0,0,0,0,0,0,0.744719706,0,0,0,0,0,0,0,0,0,0,0,0,1.002423609,0,0,0,0,6.749053295,0,0,0,0,1.483047553,0,0,0,0,0,0,0,0,0,0,0,0,0,0,0,0,0,0,5.549800004,0,0,0,0,0,0,0,0,0,0,0,0,0,0,0,0,1.315714701,0,0,0,0,0,0,0,0,0,0,0,0,0,0,0,0,0,0,0,0,0
8565,0,0,5.207370841,0,0,4.831213327,0,5.591291039,0,0,5.365415381,0,0,0,0,0,0,0,0,0,0,0,0,0,0,0,0,5.889541014,0,0,5.750653133,0,0,0,0,0,0,0,0,0,0,0,0,0,0,0,0,0,0,0,0,0,0,0,0,0,0,0,0,0,0,0,0,0,0,0,6.40067641,0,0,0,0,1.768370777,0,0,0,0,0,0,0,0.552767602,0,0,0,0,0,0,0,0,0,0,5.439062799,0,0,1.271781983,0,0,0,0,0,0,0,0,0,0,0,0,0,1.669321027,0,0,0,0,0,0,0,0,0,0,0,0,0,0,0,0,0,0,0,0,0
8632,0.816374924,0,0,0,0,0,0,0.530211161,0.780309881,0,0,0.930368678,0,0,0,0,0,0.745257573,0,0,0,0,0,0.617243868,0,0,0,0,0,0,0,0.335778238,0,0,0,0,0,0,0,0,0,0,0,0.971356642,0,0,0.736104518,0.363681332,0.746466152,0.780019563,0.372070925,0,0.561907775,0,0.642771817,0,0,0,0,0.708979583,0.644426519,0.607131774,0,0.648134521,0,0,0,0,0,0,0,0,0,0,0,0,0,0,0,0,1.001553001,0,0,0,0,0,0,0,0,0,0,0,4.756164676,0,0,0,1.144162181,0,0,0,0,0,0,0,0.757807319,0,0.634320783,0,0,0.530195678,0,0,3.918481546,0,0,0,0,0,0,0,0,0,0,0,0,0,0,0,0.962653779
8860,0,5.191309738,0,0,0,0,4.071452974,0,0,3.36337904,0,0,0,0,0,0,3.84997124,0,0,0,0,0,0,3.163644729,0,0,0,0,0,0,0,0,0,4.468525902,6.728461632,5.910309563,0,0,0,0,0,6.278351565,0,0,0,0,0,0,4.514095102,0,0,0,0,0,0,0,0,0,0,0,0,0,0,0,0,0,2.279657192,0,0,0,0,0,3.77821172,0,0,0,0,0,0,0,0,0,0,0,0,0,0,1.040484131,5.875798016,3.768700564,0,0,0,0,0.986815817,0,4.650740741,0,0,0,0,0,4.353619989,0,0.736464807,0,0,3.314070594,0,6.011497481,0,0,0,0,0,6.285799719,0,0,0,0,0,0,0,0,0,0,0,0,0
8864,5.772813892,5.858539059,0,0,0,0,0,0,0,0,0,5.199436641,0,1.049157522,0,0,0,5.951352972,0,0,5.423451934,0,0,1.408359945,0,5.387425806,5.992219264,0,0,0,0,5.509247208,0,6.343851411,3.17326922,3.199904521,0,0,0,0,0,5.632268323,0,0,0,0,0,0,5.244451621,5.81915072,0,0,3.823274838,5.507897112,0,0,0,0,0,0,0,0.882893579,0,0,0,0,1.789469874,0,0,0,2.601214601,0,5.667924236,0.304894623,4.724865306,2.341281546,0,4.47143498,0,0.411024678,3.399690214,4.444428908,0,0,4.858120984,4.874795919,0,0,1.043019954,0.012336742,0,0,0,0,0,0,0,0,0,0.979815245,0,0,4.350184493,0,0,0,0,3.265897213,0,1.81059458,0,0,1.913011079,0,0,1.99260997,0,3.243299616,0,0,0,0,0,3.784953959,0,0.911023358,3.177037775,0,1.175909434
8870,5.813677958,5.481173449,0,0.580179194,0,0,0.408250412,0,0,0,0,4.508702344,0.847174528,0,1.258333688,0.908901922,1.108911312,6.187200595,1.683057432,1.800828303,5.255047943,1.087806712,0,1.168367693,0,6.003020652,7.013823692,0.653042479,0.933082428,1.147425883,0,5.050774078,0.827823924,6.895223193,2.60407578,1.34712507,0,1.053548197,1.039482051,0.828565001,0,5.341945002,1.219060697,1.259606777,0,1.047073983,0.838560152,0,5.797297329,5.864511123,1.518993275,0,4.402272611,5.407571648,0,0,0.730091314,0.878629966,1.123657653,0,0.888436224,2.188606256,0,0,0.992949462,0.75129141,1.201586506,0.715448749,1.584684105,0,1.723908598,5.981156896,5.791603012,0,3.680996813,2.176365216,0,4.479698352,0,0.548969761,4.326647864,4.71155717,0,0,4.344439575,5.486241333,0,0,0,0.185685392,0,0,0,0,0,0,0,0,0,0,0,0,4.978494002,0,0,0,0,1.675273719,0,0.566448293,0,0,2.047126847,0,0,1.040774299,0,3.954276861,0,0,0,0,0,3.664632998,0,0,4.233596408,0,0
8924,5.360911231,5.695021587,0,0,0,0,0,0,0,0,0,5.866731444,0,1.87466364,0,0,0,4.761932931,0,0,3.240259431,0,0,0,0,5.043036592,4.950206169,0,0,0,0,4.778158521,0,5.734268236,2.86173379,3.242598233,0,0,0,0,0,5.439377036,0,0,0,0,0,0,4.93872835,5.276513704,0,0,3.436906127,5.079922153,0,0,0,0,0,0,0,0,0,0,0,1.110363105,3.062664987,0,0,0,2.803485716,1.064287312,5.395242443,0,4.84496155,3.067723591,0,4.122024092,0,0,2.993482069,4.255851627,0,0.732532068,4.56077198,4.291887954,0,0,0.930798502,1.331819446,0,0,1.271073868,0,0,0,0,0,0.8619915,0,0,0,4.158212473,0,0,0,0,2.39586348,0,1.185906336,0,0,1.663894068,0,0,1.163139902,0,2.803167395,0,0,0,0,0,3.097009505,0,0,3.079066953,0,0
8949,0,0,0,0,0,0,0,0,0,0,0,0,0,0,0,0,0,0,0,0,0,0,0,0,0,0,0,0,0,0,0,0,0,0,0,0,0,0,0,0,0,0,0,6.913755284,6.909525796,0,0,0,0,0,0,0,0,0,0,0,0,0,0,0,0,0,0,0,0,0,0,0,0,0.959567359,0,0,0,0,0,0,0,0,0.476656843,0.578745251,0,0,0,0,0,0,0,0.764240839,0,0,1.068833076,0,0,0,0,0.817096372,0,0.751244347,0,0,0,0,0,0,0.48063485,0,0,0,1.045875347,0,0,0,0,0,0.472835121,0,0.703379087,0,0,0,0.829046643,0.643284249,0,0,0,0,0.8291353,0,0
8956,0,0,0,0,0,0.524963623,0,0.504669924,0.972322583,0,0,0,0,0,0.465879481,0.835769723,0,0.857727122,0,0,0,1.241630029,0.550363829,0.941976494,0,1.13661527,1.392768746,0,0.637317524,0.981574586,0.774303954,0.762031692,1.21073056,0,0,0.428347906,0,0,0,0.754555562,1.339963723,0.97014015,0.709268583,0.538032952,0.757326755,0.782598913,0,0,0.611791007,0,0,0,0.427955824,0.777274897,1.257850608,0,0.730368993,0,0.886595695,0,0,0,0,0.707886152,0,0,0,0,2.292898665,0.955949094,0.479229011,1.381403465,0,0.603764339,0,0,0,0,0,0.523004107,0,0,0,0,0,0,0,0,0,0.508946126,2.124614672,0,0.854471377,0,0,0,0,0,0,0,1.653602652,0,0,0,0,0,0,0,3.081757931,0,0,0,0.559581547,0,0,0,0,0,0,0,0,0,0.960945423,0,0,0,0,0,0.721944592
9025,0.758202419,0,1.152508952,0,0.589319582,0,0,0.635251655,1.255461779,0.458962929,0.435535306,0.496986198,0,0,0,0,0,0,0.46552516,0,0,0,0,1.060196154,1.219182738,0,0,1.018882925,0,0.672669645,0.286559504,1.068862483,1.051489616,0,0.614650478,0.733308181,0.410142478,0,0,0.198361773,0.489259323,0.644136496,0.682712146,0.916676545,0,0.670168615,0.607273856,0.462277923,0,0,0,1.156281666,0.575756278,0,1.435351542,0.686577576,0.88361071,0.557431828,0,0.508936303,0,1.230378781,0.444589402,0.575105976,0.304041927,0,0,0,0.6501741,0.768307442,0,0,0,0,0,0,0,0,0,0,0,0,0,0,0,0,0,0,0,0,0,0,0,0,0,0,5.769279967,0,6.145087733,0,0,0,0,0,0,0,0,0,0,0,0,0,0,0,7.234568983,0,0,0,0,1.357143935,0,0,5.450042992,0,4.056922093,0,0,0,5.580006864
9052,0,0,4.945562715,0,0,5.035887121,0,6.271693553,0,0,5.345021693,0,0,0,0,0,0,0,0,0,0,0,0,0,0,0,0,6.007046655,0,0,5.859521792,0,0,0,0,0,0,0,0,0,0,0,0,0,0,0,0,0,0,0,0,0,0,0,0,0,0,0,0,0,0,0,0,1.137555273,0,0,4.372059583,0,0,0,0,1.477119802,0,0,0,0,0,0,0,0,0,0,0,0,0,0,0,0,0,1.5245986,6.807789502,0,0,1.017388035,0,0,0,0,0,0,0,0,0,0,0,0,0,1.144059217,0,0,0,0,0,0,0,0,0,0,0,0,0,0,0,0,0,0,0,0,0
9060,0,0,0,0,0,0,0,0,0,0,0,0,0.597296509,0,0,0.633482268,0,0,0,0,0,0,0.829274801,0.549426344,1.080117679,0,0,0,0,0,1.331122316,0.647355546,0,0,0,0.496331604,0,0,0,0.791387343,0,0.407419157,0,1.189655981,0,0.832436479,1.07384853,0,0,0,0.818821021,0,0,0,0,0.723870317,0,0,0,0,1.268925189,0.958964758,2.929311177,0.75766572,1.063566345,0.806788472,0,0,0,0,0,0,0,0,0,0,0.822830289,0,0,0,0,0,0,0,0,0,0,0,1.262862499,0,0,0,0,1.225940779,1.407098224,1.029496929,0,0,0,1.208227149,0,0,0,0,7.196388658,0,0,0.90051835,0.886788893,0,0,0,1.198328478,1.236465457,0,0,0,0,0.910798877,1.385151268,1.147129971,0,1.39674557,0,1.06262836,0,1.226655794,0,1.080703144
9064,0,0,0,0,0,2.449002209,4.475991164,0,0,0,0,0,0,0,0,0,0,0,0,0,0,0,0,0,0,0,0,0,0,0,0,0,0,0,5.987022913,0,0,0,0,0,0,0,0,0,0,7.286484533,0,0,0,0,0,0,0,0,0,0,0,0,0,0,0,0,0,0,0,0,0,0,0,0,0,0.525684001,0,0,0,0,0,0,0,0,0,0,0,0,0,0,0,0,0,0,0,0,0,0,0,0,1.02894497,0,0,0,0,0,0.961246771,0,0,0,0,2.556658999,0,1.165069891,5.663063646,0,0,0,0,0,0,0,1.431519135,0,0,0,0.982821155,0,4.757680337,0,0,0,0
9072,6.166408252,5.598960014,0,0,0,0,0,0,0,0,0,4.260730094,0,0,0,0,0,4.853777662,0,0,4.468788594,0,0,0,0,4.949826338,5.234955471,0,0,0,0,4.627706071,0,6.600696902,0,0,0,0,0,0,0,4.109788426,0,0,0,0,0,0,4.071773248,5.009081129,0,0,3.766368936,4.625965886,0,0,0,0,0,0,0,0,0,0,0,0,0,0,0,0,0,0,0,0,3.439575487,0,0,2.271580568,0,0,0,0,3.817680725,0,0,0,0,0,1.223336041,0,0,0,0,0,0,1.427079283,0,0,0,0,3.891805757,0,0,0,0,0,0,0,0,0,0,0,0,0,0,4.353898577,4.528958944,0,3.706062352,0,2.33025807,0,0,3.805929628,0,2.881787782,2.911487573,0,4.734617658
9074,0,0,0,0,0,2.452740835,4.476780846,0,0,0,0,0,0,0,0,0,0,0,0,0,0,0,0,0,0,0,0,0,0,0,0,0,0,0,6.152648232,0,0,0,0,0,0,0,0,0,0,6.497469971,0,0,0,0,0,0,0,0,0,0,0,0,0,0,0,0,0,0,0,0,0,0,0,0,0,0,0,0,0,0,0,0,0,0.2143747,0,0,0,0,0.707097728,0,0,0,0,1.481251669,1.174831942,0,0,0,0,0,0,0,0,0,0,0,0,0,0,0,0,2.01730669,0,0.618562527,4.640401897,0,0,0,0,0,0,0,0.415321877,0,0,0,0,0,4.524686534,0,0,0,0
9088,0,0,0,0,0,0,0,0,0,0,0,0,0,0,0,0,0,0,0,0,0,6.709666618,0,0,0,0,0,0,0,4.429460792,0,0,0,0,0,0,0,0,0,0,0,0,0,0,0,0,0,0,0,0,0,0,0,0,0,0,0,0,0,0,0,0,0,0,0,0,0,0,0,0,0,0,0,1.601278606,0,0,0,0,0,0,0,0,0,0,0,0,0,0,0,0,0,0,0,0,0,0,0,0,0,0,0,0,0,0,6.165674809,0,0,1.367887611,0,0,0,0,0,0,0,0,0,0,0,0,0,0,0,0,0,0,0,0,0
9140,5.254164853,4.716754416,0,0,0,0,0,0,0,0,0,7.256313296,0,2.414119774,0,0,0,5.585573709,0,0,5.52038367,0,0,0,0,5.650208109,5.896959821,0,0,0,0,5.589156607,0,6.895484638,3.406176715,3.679044061,0,0,0,0,0,7.597707646,0,0,0,0,0,0,4.95350016,5.799653451,0,0,3.32264178,5.32421146,0,0,0,0,0,0,0,0,0,0,0,0,0,0,0,0,2.86940554,0,5.732400447,0,4.479647105,3.915666846,1.053987622,4.197124579,0.496589828,0,3.948024667,4.532625971,0,1.221793659,4.082274119,3.537317337,0,0,2.61426042,3.865086854,0,0,0,0,1.094073222,0,1.309455611,0,0,1.588209043,0,0.861853343,5.343391088,0,0.765171403,0,1.278398067,3.783821766,0,2.580285409,0,0,1.972747638,0,0.823838632,2.691921238,0,3.819357208,0,0,0,0,0,4.447732395,0,0,3.784954738,0,0
9184,0,0,6.421968203,0,0,6.308758414,0,6.38856987,0,0,6.377011244,0,0,0,0,0,0,0,0,0,0,0,0,0,0,0,0,6.986424821,0,0,7.114114133,0,0,0,0,0,0,0,0,0,0,0,0,0,0,0,0,0,0,0,0,0,0,0,0,0,0,0,0,0,0,0,0,0.966533113,0,0,5.930304112,0,0,0,0,1.233644935,0,0.27767309,0,0,0,0,0,0.37848304,0,0,0,0,0,0,0,0,0,0,6.155016083,0,0,1.189586218,0,0,0,0,0,0,0,0,0,0,0,0,0,0,0,0,0,0,0,0,0,0,0,0,0,0,0,0,0,0,0,0,0,0,0
9194,0,0,0,0,0,0,0,0,0,0.903104336,0,0,0,0,0,0,0,1.611283608,0.731219995,0.833675109,0.962246982,0.586133478,0,0,0,0,0,1.74795871,1.653597535,1.118394815,0,0.603830022,0,0,0,0,0,1.464506559,0,0,0.547407579,0,0,0,0,0,3.065365393,0,0,0,0,0,0,0,0,0.804779791,0,0,1.038495437,0,0,4.860607802,5.33991441,0,0,0,0,0,0,0,0,0.818061382,1.370736982,0,1.087055906,0,1.26244332,0.822184251,0,0,0,0,0,1.216205222,1.414002828,0,1.174488286,0.978523825,0,0,0,0.760541866,1.192844101,2.702499407,0,0,1.071678176,0.964493258,1.038806805,3.205250001,1.481503855,1.166396437,1.261764201,0.974137663,1.634485717,1.120815649,0,1.343343439,0,0,0.956337732,0,1.735508566,0.972681533,1.428800196,0,0.851739723,1.25303947,1.013053304,0,0,0.7332729,0,1.206164637,1.035351726,0,1.085981423,0,0
9233,5.079732317,4.830153251,0,0,0,0,0,0,0,0,0,4.424496932,0,1.272450191,0,0,0,5.061538491,0,0,4.859716693,0,0,0,0,4.848685271,5.3280209,0,0,0,0,5.24201203,0,5.667105593,2.504239599,2.771580177,0,0,0,0,0,5.098504502,0,0,0,0,0,0,4.806349806,5.39027723,0,0,4.17225841,5.342812698,0,0,0,0,0,0,0,0,0,0,0,0,0,0,0,0,2.003474759,0,5.518802072,0,4.649267568,2.525198187,0,0,0,0.184397393,2.171018921,4.067146683,0,0,4.643848841,1.340327592,0,0,0,0,0,0,0,0,0,0,0,0,0,0,0,0,3.926032924,0,0,0,0.897267644,0.697706449,0,1.364307633,0.943554224,0,0,0,0.997210247,1.679411309,0,1.805756975,0,0,0,0,0,1.826755628,0,0,3.095204725,0,0
9242,3.68921756,5.794693131,0,0,0,0,0,0,0,0,0,4.415176016,0,1.584995535,0,0,0,5.144657026,0,0,4.827262038,0,0,0,0,5.244227189,5.437188827,0,0,0,0,4.303175767,0,6.840944056,0,1.678431296,0,0,0,0,0,6.892591383,0,0,0,0,0,0,4.77044425,5.215074998,0,0,0.921165758,4.880367195,0,0,0,0,0,0,0,0,0,0,0,0,0,0,0,0,2.935489904,0,3.977206706,0,4.69177265,3.088017,0,4.611304115,0,0,3.798104774,4.294938217,0,0,4.411032756,4.892457078,0,0,0,0.422236429,0,0,0,0,0,0,0,0,0,0,0,0,5.228476009,0,0,0,0,0.992673426,0,0,0,0,1.585629946,0,0,0,0,3.699536343,0,0,0,0.985694754,0,3.582535289,0,0,3.040206032,0,0
9269,4.142600584,4.262942026,0,0,0,0,0,0,0,0,0,5.355012532,0,1.918363305,0,0,0,6.118296856,0.989821955,0,5.956605584,0,0,1.206811946,0,6.052763906,6.055691375,1.067332639,0,0,0,6.036275938,0,7.017669361,1.657538291,1.923586306,0,0,0,0,0,6.25298315,1.281243184,0.618130196,0.934559915,0.962769319,0,0,5.689869103,6.254605712,0,0,5.03007912,6.09032819,1.073768718,0,0,0,0,0,0,0,0,0.686498926,0,0,0,0,0,0,3.357007836,0,4.579779767,0,5.436002248,4.470338565,0,4.782551735,0,0,3.659051497,4.950057571,0,0,5.426104712,5.017937624,0,0,0,2.378155685,0,0,0,0.792899766,0,0,1.063666905,1.002826174,1.211523364,0,0,0,5.785069281,0,0,0,0.827916623,1.12415277,1.333343396,0.764442261,0.843883421,0,0,0,0,1.038993475,0,3.850749822,0.853408761,0,0,0.834114366,0,4.033773803,0,0,4.135076144,0,0
9283,0,0,2.520593607,0,0,6.388131292,0,2.754359605,0,0,6.520407646,0,0,0,0,0,0,0,0,0,0,0,0,0,0,0,0,7.095452967,0,0,7.120408936,0,0,0,0,0,0,0,0,0,0,0,0,0,0,0,0,0,0,0,0,0,0,0,0,0,0,0,0,0,0,0,0,0,0,0,5.990795935,0,0,0,0,1.270649387,0,0.583025537,0,0,0,0,1.216118393,0,0,0,0,1.043103169,0,0,0,0,0,2.184793453,7.122242675,0,0,0,0,0,0,0,0,0,0,0,0,0,0,0,0,0,0,0,0,0,1.242280214,0,0,0,0,0,0,0,0,0,0,0,0,0,0,0,0
9298,0,5.288964515,0,0,0,0,3.415973079,0,0,3.535292015,0,2.802507488,0,0,0,0,0,0,0,0,0,0,0,0,0,0,0,0,0,0,0,0,0,5.203140659,6.550334184,6.385928149,0,0,0,0,0,6.316831071,0,0,0,0,0,0,5.790873017,0,0,0,5.855833241,0,0,0,0,0,0,0,0,0,0,0,0,0,3.636256358,0,0,0,0,0,3.851621846,0,0.64165264,0,0,0,0,0,0,0,0.927925173,0,0,1.471931559,0.754070753,0,5.608332471,0,0,1.628280499,0.891047137,1.206240204,0.753016697,1.317071611,5.695540321,0,1.228312157,1.329140355,0,1.676678246,5.605522576,0,0,0,1.136748563,2.697276998,0,5.638390386,1.068139525,0.879216853,1.335004727,1.339130878,0,6.187041844,1.291676772,0,0,1.408388923,0,0,1.614412101,1.080154367,0,1.088863378,0,0,0.776824068
9310,0,0,0,0,0,0,0,0,0,2.777278669,0,0,0,0,0,0,0,0,0,0,0,0,0,0,0,0,0,0,0,4.182331116,0,0,0.702658415,0,0,0,0,6.112551605,5.817282843,0,0,0,0,0,0,0,0,0,0,0,0,5.934092438,0,0,0,1.261691425,0,0,0,5.765253071,1.181462933,0.610134305,0,0,0,0,0,0,0,0,0,0,0,1.705504532,0,0,0,0,0,0,0,0,0,0,0,0,0,5.276759678,0,1.508457745,0,0,0,0,5.340307035,0,1.169587418,0,0,0,0,0.726034944,0,0,0,0,0,1.556212908,0,1.030436659,0,0,0,1.642609842,1.213923548,0,0,0,0,0,0,0,0,0,0,0,0,0,0
9316,0,0,0,0,0,0,0,0,0,0.920962144,0,0,0,0,0,0,0,0,0,0,0,0,0,0,0,0,0.779893362,0,0,0,0,0,0.967677354,0,0,0,0,0,0,0,0,0,0,0,0,0,1.837662177,0,0,0,0,0,0,0,0,0,0,0,0,0,0,4.403796676,4.773446022,0,0.818530681,0,0,0,0,1.161319727,0.761429061,0.756995493,0,0,0.504357899,0,0,0,0,0,0.78539819,0,0,0.993470767,0,0,0,0.762259841,0.512674525,0,0.825701016,0,0,2.445719633,0,0.622203421,0.725439893,0,0,2.912813831,1.056709185,0,0,0,0,0,0,0.697275344,0,0,0.70443403,0,0,0,0,0.578163302,0,0,1.216162791,0.536270198,0,0.430731367,0,0.655881987,0,1.030478918,0,0,0
9346,0,0,0,0,0,0,0,0,0,0,0,0,0,0,0,0,0,0,0,0,0,0,0,6.499408665,6.526358829,0,0,0,0,0,0,0,0,0,0,0,0,0,0,0,0,0,0,0,0,0,1.784714768,0,0,0,0,0,0,0,0,0,0,0,0,0,0,0,3.473225608,0,0,0,0,0,0,0,0,0,0,0,0,0,0,0,0,0,0,0,0,0,0.703507913,0,0,0,0,1.227037209,0,0,1.163554857,0,0,0,0,0.78161845,0,1.305826055,3.558782383,0,0.958133062,0,0.681186592,0,0,1.013855435,0,0,0,0,0,0,0,1.248500232,2.406818453,0,0,0,0,0,0,0,0,0,0,0,0
9349,0,0,0,0,0,0,0,0.810606448,0.554076603,2.789389892,0,0.863415594,0,0,0,0,0,0,0,0,0,0,0,0,0.602139812,0,0,0,0,3.894631573,0,0.78419085,0,0,0,0,0,5.085231982,4.73480777,0.754010462,0,0,0,0.627278967,0,0,0,0,0,0,0,5.766452498,0,0,0,0,0,0,0,4.844091933,0,0,0.584952022,0,0,0,0,0.982232,0,0,0,0,0,0.96812154,0,0,0,0,0,0.383425964,0,0,0.532503525,0,1.257371624,0,0,4.097545696,0,0.01417251,0.608057119,0,0,0,2.782232459,0,0.426436613,0,0,0,0,0,0,0,0,0,0,2.609641109,0,0,0,0,0,2.624828712,0,0,0,0,0,0,0.45664792,0,0,0,0,0,0,0.623127133,0
9380,0,0,0,0,0,0,0,0,4.54852305,0,0,0,0,4.333060996,2.277253862,3.251257411,0,0,0,5.784201378,0,0,0,0,0,0,0,0,0,0,0,2.878779682,3.399547549,0,0,0,1.74542698,0,0,0,0,0,0,0,0,0,6.914429446,0,0,0,0,0,0,0,1.392804587,6.518918494,6.641660957,0,0,0,0,0,0,0,0,0,0,0,0,0.81331755,0,0,0,0,0,0.828925276,0.859053221,0.693418915,0.645447507,0,0,0,0,0,0,0,0,0.670901882,0.87813373,0,0,0.732473504,0,0.917251611,0.708894542,0.984762623,0.791176866,0,0.760151753,0,0,1.554457819,0,0,0.718951929,0,0.68427822,1.060857068,0,0,0,0,0,0,0,0,0.812479692,0,0,0.816765588,1.255061869,0,0.753431063,0.387585793,0,1.271755931,0,1.020744727,1.260200728
9384,0.70071737,2.948308923,0,0,0,0,0,0,0,0,0,4.020377904,0,0,0,0,0,4.528107321,0,0,4.339044739,0,0,0,0,5.855002093,5.472685196,0,0,0,0,4.090749651,0,1.745561918,0,0,0,0,0,0,0,4.220325059,0,0,0,0,0,0,4.94409531,2.835477219,0,0,4.135110452,4.918235313,0,0,0,0,0,0,0,0,0,0.915390582,0.99792546,0.967430849,0,0.799889154,0.721734847,0.61452338,1.107336454,0,2.682932798,0,3.16359671,2.525822244,0,3.410500492,0,0,0,3.297143003,0.801365125,0,3.884200001,4.263295707,0,0,0,0,0,0,0,0,0.66274672,0,0,0,0,0.528175402,0.968035666,0,3.170478927,0,0,0,0,0.828867379,0,0,0,1.016756607,0,0,0,0.769511328,0.94570745,3.258093448,0,0,0.824416582,0.778112341,0,2.942431782,0,0,3.361300481,0.877052474,0.923763056
9385,0,0,0,0,0,0,0,0,0,1.770484644,0,0.89624058,0,0,0,0.443581807,0,1.197673985,0,0,0,0,0.484501234,1.116651888,0.70014676,1.196139979,0,0,1.057478161,0,0,0,0,0.667436212,1.362830272,0,0,0.876160573,0,0.695154475,1.156672841,0.725009884,0.587560659,0.923100509,0,0,0,0,0,0,0,0.439928317,0,0,1.097044364,0,0,1.030244289,0,0,0,0.897695183,3.757554663,0,0.656629336,0,0.684185105,0,0.628546157,0,0.779800073,0,0,0,0,0,0,0,0.778007898,0,0.862825279,0,0,0.348252376,1.023410634,0.408028508,0,0,0,0,0,0,0,0,1.185970908,0,0.631418211,0,0,1.057088145,0,0.519234957,1.146899972,0,1.155152598,0,0.647674625,1.149342427,0,0,0,0,0.708751475,1.847429554,0,0,0.727771473,0,0,0.491725175,0,0.370456824,0,0,0,0,0,0.610958609,0.769030675
9429,0,0,0,0,0,0,0,0,0,0,0,0,5.994722895,6.90945527,0,0,0,0,0,0,0,0,0,0,0,0,0,0,6.363321024,0,0,0,0,0,0,0,0,0,0,0,5.984486862,0,0,0,0,0,0,0,0,0,0,0,0,0,7.424564821,0,0,0,0,0,0,3.923696675,0,7.031822067,6.98218235,0,1.435996621,5.97807298,0,6.617516286,0,0,3.658248679,0,0,0,0,0,0,0.330811005,0,0,0,0,0,0,0,0,0,-0.177495269,0,0,1.125828,3.426411665,0,0.700669404,1.035606068,0,0,1.097690612,0,0,0,0,0,0,0,0,0,0,0,0,0,0,0,0,0,0,0,0,0,0,0,0,0,0,0,0,1.164411988
9433,5.27452639,4.940424329,0,0,1.476106615,0,0,0,0,0,0,5.379868185,0,2.184580501,0,0,0,5.827160902,0,0,5.558230266,0,0,0,0,5.581273078,5.344637315,0,0,0,0,4.678668184,0,6.439855683,3.154619885,3.008250668,0,0,0,0,0,5.682029062,0,0,0,0,0,0,5.308401166,5.559035223,0,0,4.926086603,5.615344647,0,0.947036816,0,0,0,0,0,0,0,0,0,0,1.470039172,0,0,0,2.80545389,0,5.301430382,0,4.719163932,2.566554765,0,4.704742455,0,0.356378034,3.752708932,4.764677497,0,0,5.307863467,5.056366141,0,0,0,0.539355362,0,0,0,0,0,0,0,0,0,0,0,1.25688793,0,0,0,0,0,0,0,1.683490609,0,0,0,0,0,0,0,3.82992293,0,0,0,0,0,4.496702775,0,0,3.957797769,0,0
9434,0,5.251630712,0,0,0,0,0,0,0,0,0,1.632318693,0,0,0,0,0,2.146521121,0,0,1.788249329,0,0,0.800698003,0,1.798665931,1.998887663,0,0,1.225489253,0,1.726339998,0.977277423,2.842975435,0.858843232,0.6887241,0,0,0,0,0.602717439,1.843041555,0,0.661430853,0,0.666433056,0,0,3.225970872,1.663547166,0.942543516,0,3.363157865,2.08903447,0,0,0,0,0,0.745616457,0,0,0,0,0,0,0,0,0,0.718378228,0,0,2.114797893,0,4.854223893,1.529351423,0,4.65910315,0,0,3.755065004,2.580404423,0,0,2.930717397,2.645229071,0,0,0,4.318712246,0,0,0,0,0,0,0,0,1.154716316,1.069086134,0,0,2.298970227,0,0,0,0,1.014218173,0,0,0,0,2.287320606,0,0,0.839698939,0,4.550702073,0,0,0,0,0,3.848043493,0,0,3.151450469,0.847443152,0
9438,0,0,5.531031867,0,0,6.045650005,0,5.383088618,0,0,6.058673053,0,0,0,0,0,0,0,0,0,0,0,1.154064774,0,0,0.902630687,0,6.681624683,0,0,6.819823808,0,0,0,0,0,0,1.002484232,0,0,1.000812504,0,0,0,0,0,0,0,0,0,0,0,0,0,0,0,0,0,0,0,0,0,0,0,0,0,4.946677562,0,0,0,0,,,,,,,,,,,,,,,,,,,,,,,,,,,,,,,,,,,,,,,,,,,,,,,,,,,,,,,,,,
9498,0,0,0,0,0,0,0,0,0,2.187929255,0,0,0,0,0,0,0,0,0.878633889,0,0,0,0,0,0,3.362047431,0,0,0,1.948240227,0,0,0,0,0,0,0,5.238961548,5.449409893,0,0.98767943,0,0,0,0,0,0,0,1.040379711,0,1.131713596,3.376365036,0,0,0,0,0,0,1.339020088,4.62134735,0,0,1.191848003,0,0,0,0,0.951227328,0,0,0,0,0,0.953802374,0.557456812,0,0.975571162,0.405959428,0,0,0,0.898077634,0,0,0.643714658,0,0,1.816133576,0,1.710463106,0,0,0,0,1.382237554,0,0,1.100828385,0,0,0.528177308,0,0.63882495,0,0,0,1.019801125,0.718639906,0,0.523260927,0,0.594439642,0,1.63175899,0.778336162,0.661440186,0,0,0,0,0,0,0,0,1.073960088,0,0,0.724643659,0.833444764
9502,0.790477688,0,0,0,0,0,0,1.091627816,0,1.689444531,0,0,0,0,0,0,0,0,0,0,0,0,0,0,0,0.963559728,0.826947602,0,0,0,0,0,0,0,0.521435577,0,0.806292384,0.756203729,0,0,0,0,0.287672398,0.624402259,0,0,2.167619361,0,0,1.033474301,0,0,0,1.158549791,0,0,0,0.958400154,0.481130015,0,0,3.170712636,4.30845484,0,0,0.773041152,0,0,0,1.299798547,0,0,0,0,0,0,5.694395154,0,0,0,4.880948383,0,0,0,0,0,0,0,0,5.038416584,0,0,0,5.093002557,0,0,0,0.766467355,0,2.736200367,0,0,0,0,0,0,0,0,0,0,0,0,0,0,0,1.9748448,0,0,0,0,0,0,0,0,0,0,0,0.557479762,0
9504,0,0,0,0,0,0,0,0,0,0,0,0.763439187,0,1.117624247,0,0.657301747,0,0,0,0,0,0.458252041,0,1.08231865,0.798937007,0,0.70976398,0,0,0,0,0,0,0,0,0,0,1.093090498,0,0.611988086,0,1.08997884,0,0,0,0.920678699,0,0,0,0,0,0,0,0.779097526,0.481554575,0,1.148013913,0.729503896,0,0,0,0,1.061754761,0,0,0,0,0,0,0.69148455,1.175829306,0,0,0,0,0,0,0.816466359,0,0,0,0,1.050226303,0,0,0,6.900268357,0,0,0,0,0,0,0,0,0,0,0,0,0,0,0,0,0,0,0,0,0,0,0,0,0,0,0,0,0,0,0,0,0,0,0,1.219405107,0,0,0,6.315806772,0,0
9628,0,0,0,0,0,0,1.427143749,0,0,2.776789354,0,0,0,0,0,0,0,0,0,0,0,0,0,0,0,0,0,0,0,0,0,0,0,0,1.602326079,0,0,0,0,0,0,0,0,0,0,4.674066664,0,0,0,0,0,0,0,0,0,0,0,0,0,0,0,0,0,0,0,0,1.68146157,0,0,0,0,0,0,0,0,0,0,0,0,0,0,0,0,0,2.311856869,0,0,0,0,3.0981196,0.86086395,0,0,0,0,0,0,0.736949058,0,0,0,0,0,0,0,0,3.7422066,2.751622812,0,0,2.150976318,4.113327268,0,2.35586584,0,0,1.029920451,0,0,0,0,0,0,0,0,0,0,0,0
9721,0,0,0,0,0,0,0.772532375,0,0,0,0,0,0,0,0,0,0,0,1.052960638,5.694428653,0,0,0,0,0,0,0,0,0,0,0,0,0,0,1.226932244,0,0,0,0,0,0,0,6.226533252,0,0,2.71761433,0,0,0,0,0,0,0,0,0,0,0,0,0,0,0,2.152082581,0,0,0,0,0,0,0,0,0,0,5.745703176,0,0,0,0,0,0,0,0,0,0,0,0,5.142421988,0,0,0,1.141348524,5.731814397,0,0,0,0,0,6.897200949,0,0,0.558199554,0,0,0,0,0,0,0.761027282,0,0,0,1.493008639,0,0,0,7.147288285,0,0,5.859395428,0,4.340425573,0,0,6.188350312,4.717067222,2.343856207,0,0,0,5.328703254
9724,0.580109976,0.635193969,0,0,0,0,0,0.638577709,0,0,0,0.94896337,0,0,0,0,0,0,0,0.540234009,0,0,0,0,0,0,0,0,0,0,0,0.374799746,0,0,0,0.964943594,0,0,0,0,0,0.594822985,0,0,0,0,0.820568797,0,1.016177877,0.78487269,0.634039618,0.46892061,0.609655287,0.596695901,0.417175056,0,0.649646641,0,0,0,0,0.489935673,1.742412326,0,0,0.450360733,0.499269202,0,0,0.513221819,0.568044023,0,0,0.722068305,0,0,0,0,0,0,0,0,1.138558925,0.90760456,0,0,0,0,0,4.065628653,0.822510444,0,0,2.176868071,1.03704854,0,0,0,0.720918011,1.40843934,0,0,0,0,0,0,0,3.8887477,0,0,0.459876857,0,0,0,0,0,0,0.588778748,0,0,0,0,0,0,0,0,1.094366008,0.977852004,0
9748,0,0,0,0,0,0,0,0,0,0,0,1.339909037,0,5.291922486,0,0,0.884502694,0,0,0,0,0,0,0,1.035217068,0,0,0.910151974,0,0,0,0,0,0.498968423,0,0,0,0,0.608736516,0,0,0,0,1.067113904,0,0.52008763,0,0,0,1.109761494,0,0,0,0,0,0,0,0.507766452,0,0,0,0,0,0,0,0,0,0,1.314660111,0,0,0,0.706796851,0,0,0,0,0,0,0,0,0,0,0.583982047,0,0,0,0,0,0,0,0,0,0,0,4.529588367,0,0,0,0,0,0,0,0.812294249,1.332912202,0,0,0,0,0,0,0,0,0,0,0,0,0,0,0,0,0,0,0,0,0,0,0.693803134,0
9773,0,0,0,0,0,0,0,0,0,2.81878122,0,0,0,0,0,1.42674243,0,0,0,0.784624376,0.680202348,0.579837398,1.555039011,0,0,6.160199115,0,0.87719165,1.261689827,1.531266185,1.719958303,0,0,0,0,0.885239418,0,6.050514549,5.618687015,0,0,0,0,0.717962359,1.121567759,0,1.352371922,0,0,0,0,4.134883247,0,0,0,0,0,0,0,6.516364741,0,0.700550137,0,0,0,0,0,0,0,0,0,0,0,1.389813898,0,0,0,0,0,0.224557182,0,0,0,0,0,0,0,4.768093578,0,0,0,0,0,0,3.7331332,0,0,0,0,0,0,0,0.899117711,0,0,0,0,2.730044551,0,0,0,0,0,2.700085473,0,0.686643894,0,0,0,0,0,0,0,0.564151908,0,0,0,0,0
9816,0,0,0,0,0,0,0,0,0,2.696609184,0,0,0,0,0,0,0,0,0,0,0,0,0,0,0.456978522,0,0,0,0,0,0,0,0,0,0,0,0,0,0,0,0,0,0,0,0,0,5.632528145,0,0,0,0,0,0,0,0.847177239,0,0,0,0,0,0,6.102088585,5.85410246,0,0,0,4.578254259,0,0,0.574701639,0,0,2.920135995,0,0,0,0,0,0,0.48992714,0,0,0,0,0,0,0,1.199179964,0,0,0,0,0,1.835947681,0,0,0,0,0,4.054747701,0,0,0,0,0,0,0,2.97242232,0,0.941463248,0,0,0,0,0,0,0,0,1.475043577,0,0,0,0,0,0,0,0,0,0
9822,0,0,0,0,0.42403774,0,0,0,0.509389055,0.8508809,0.589285183,0,1.177698357,0,0,0,0,0.466385703,0,0,1.140960311,0.464745933,0.654705318,0,0.903193068,0,0.626883755,0,0,0,0,0,0.575188276,0,0.6165743,0.604909433,0,0,0.82118273,0.863210421,0,0,0,0,1.020470441,0.876395393,1.200881918,0,0.952940798,0.5843157,0,0,0.889899402,1.039246811,1.287963882,0.581475415,0.506757234,0.767274404,0,0,0.910318784,0,0.778907169,0,1.216934077,0.914430448,0.303014392,0,0.550735192,0.874011925,0,0,0,0,1.203011426,0,0,0.68104366,0,0.32407524,0,0,0,0.691267861,0,0,0,0,0,1.775193059,0.478686018,0,0,1.722876096,0,0,0,0,0,0.720260331,0.648290729,0.630372068,1.010653597,0,0,0.465971736,0.648929639,0.976507461,0,0.923763676,0,0,1.048810534,0,0.536485244,0.728828855,0.49118769,0,0.722495438,0,0,0,0.682099927,0,0,0,0,1.055531535,0
9841,0,0,0,0,0,0,0.639800587,0,0,1.753633374,1.116410864,0.832668866,0,0,0,0,0,0,0.953485399,0.978133677,0.672447506,0.80461552,0,0,1.211981553,0,0,0,0,0,0,0,0.680170209,0,0,0.442742645,0,0,0,0.995685482,0.59500137,0.624094337,0,0.699050316,0,0,4.284318178,0,1.007294774,0,0,0.604148171,0,0,0,0,0,0,0,0,0,4.776792766,4.766491103,0,0,0,3.608565701,0,0,0,0,0,3.430003882,0,0,0,0,0,0,0,0.817571682,0,0,0,0,0,0,0,0,3.275352127,0,0,0,1.442226341,0,0,0,0,0,5.077633063,1.189511537,0,0,0,1.015371882,0,0,2.435038697,0,1.212946001,0,0,0,0,0,0,0,0,2.323443036,0,0.934426435,0,0,0,0,0.941162531,0,0.702284806,0.889319044
9850,0,0,0,0,0,0,0,0,0,0,0,0,5.264929371,0,0,0,0,0,0,0,0.98479983,1.199179964,0,0,0,0,0,0,0,0,0,0,0,0,0,0,0,0,0,1.222727735,4.146557817,0,0,0,0,0,0,0,0,0,0,0,0,0,4.550048617,0,0,0,0,0,0,2.878910927,0,1.651907681,0.639582416,0,0,3.889505539,0,3.832703289,0,0,0,0.435799939,0,0,0,0,0,0.292937485,0,0,0,0,0,0,0,0,0,0.109101745,0,1.157032567,1.058713906,0.912719354,0,0,0.593498743,0,0,0.625271512,0,0,0.65573836,0.878568036,0,0,0,0,0,0,0,0,0,0,0,0,0.938276565,0,0,0,0,0,0,0.599710152,0,0,0.735293285,0.630113065,0
9856,0,0,0.834521513,0,0,0,0,0,0,3.061709711,0,0,0.916750433,0,0,0,0,0.762387213,0,0.625599315,0,0,0,0.91689723,0,1.123642398,0,1.038035946,0,0,0,0,0,0,0,0,0,0,0,0,0,0,0,0,0,1.274761616,5.699464167,0.664608808,0,0,0,0,0,1.348778472,0.387672243,0,0,0,0,0,0,6.139754444,6.089143461,0,0,0,4.297265541,0,0,1.202790951,0,0.690883832,2.663956036,0,0,0,0,0,0,0.168554261,0,0,0,0,0,0,0,0,0,2.086036751,0,0,0,1.682713703,0,0,0,0,0,4.070349918,0,0,0,0,0,0,0,2.824041682,0,0.482021999,0,0,0,0,0,0.74338345,0,0,0.890832204,0,0,0,0.787190749,0,0,0.388141634,0,0,1.079954226
9887,0,0,0,0,0,0.795313049,0,0,0,0,0,1.039148674,1.030125492,4.844576993,0.601154391,0,0,0,0,0.735308466,1.076167272,0.6189571,0,0.894713588,0.657033111,0,0,1.241147823,0,0,0,0,0,0,1.004036668,0,0,0.599090378,0,0.844920624,1.136864746,0,0.976008877,0,0,0,1.240738429,0,0,0,0,0,0.685473909,1.183419005,0,0,0,0,0,0.889428712,0.744209301,0.59161839,0.954178441,0,0,0,0,0,3.901821992,0,0,0,0,0,0.763027103,0,0,0,1.061338072,0.27458404,0.589644827,0,0,0.782121139,1.158093752,0.455398087,0,0.812894587,0,0.311454823,0,1.002223507,0,0,0,0.807936283,0.646348422,0,0.547358333,0.563568817,0,0,0,0,0,0,0.87116169,1.620042808,0.357007342,0.971533403,0,0,0,0.553225718,0,0,0,0,0,0,0,0,0,0,1.130042248,0,0.576708005,0,0.651301513
9932,0.97317993,0,0.705041767,0.556669263,0,0,0,0,0,0,0.575311547,0,0,2.419752235,0,0,0,1.030261626,0.348733542,0,0.77170097,0.888552418,0,0.54248481,0.452607675,0.759304175,0,0,0.762385799,0,0,0.839721256,0.648340754,0,0,0,0,0,0.435603546,0.818977055,0.698760427,0,0,0.673048272,0,0.903837362,0.313269672,0.998032492,0,0,0,0,0,0,0.526385629,0,0,0,0.876794514,0,0,0,0,0,0,0.850016377,0,0,0,0,0,0,0,0,0,0,0,0,0,0,0.664387693,0,0,0.497917844,0,0,0,0,0,0.329123808,0,0,0,0.880235922,0,1.025791691,0.374265225,0,0,0.908555415,0.57741876,0,1.115147153,0,0,0,0,1.530945407,0,0,0.526667255,1.012265514,0,0,0.770652347,0.966884715,0.47101665,0.653901524,0,0,0,0,0,0.854899392,0,0,0,0,0.780923021
9947,0,0,0,0,0,0,0,0,0,3.953632099,0,0,6.02848609,7.490386652,0,0,0,0,0,0,0,0,0,0,0,3.172196135,0,0,5.996275861,0,0,0,0,0,0,0,0,0,0,0,6.962178235,0,0,0,0,0,0,0,0,0,0,0,0,0,7.563791895,0,0,0,0,0,0,3.014795338,0,7.036677269,7.243628151,0,0,6.349838372,0,6.721044773,3.521315595,0,0.776409115,0,0,0,0.856287565,0,0,0.231249464,0,0,0,0.634270915,0,0.865538163,0,0,0,0,0.925341439,0,0,0.838687215,0,0.399942867,0.538568781,0,0.466780974,0,0,0,0.640430788,0,0,0,0.980593229,0,0,0,0,0,0.922305296,0,0,0.95958743,0,1.017585743,0,0,0,0,0,0.90826799,0,0,0,0,1.161159873
5046,,,,,,,,,,,,,,,,,,,,,,,,,,,,,,,,,,,,,,,,,,,,,,,,,,,,,,,,,,,,,,,,,,,,,,,,0,0,0,0,0,0.990029065,0,6.636699756,4.652883703,0,0,0,0,0,0,0,0,0,3.815371024,0,0,0,0,0,0,0,0,0,0,0,0,0,0,0,0,0,0,0,0,0,0,0,0,0,0,0,0,0,4.905531911,3.496689586,0,0,0,0,4.664449857,0,0,0